"rt","key_press","trial_type","trial_index","time_elapsed","internal_node_id","turkID","ExpEndTime","button_pressed","trials_remaining","resource_choice","resource_choice_value","best_resource","total_earnings"
"27859","32","text","0","27863","0.0-0.0","A37QFZ8I1TGH2C","1516908454787","","","","","",""
"33799","32","text","1","61765","0.0-1.0","A37QFZ8I1TGH2C","1516908454787","","","","","",""
"6290","32","text","2","68156","0.0-2.0","A37QFZ8I1TGH2C","1516908454787","","","","","",""
"25163","32","text","3","93421","0.0-3.0","A37QFZ8I1TGH2C","1516908454787","","","","","",""
"104512","32","mine-text","4","198234","0.0-4.0","A37QFZ8I1TGH2C","1516908454787","","","","","",""
"77747","32","text","5","276083","0.0-5.0","A37QFZ8I1TGH2C","1516908454787","","","","","",""
"10412","32","text","6","286596","0.0-6.0","A37QFZ8I1TGH2C","1516908454787","","","","","",""
"28458","32","mine-text","7","315363","0.0-7.0","A37QFZ8I1TGH2C","1516908454787","","","","","",""
"5570","","forage01","8","321041","0.0-8.0-0.0","A37QFZ8I1TGH2C","1516908454787","0","52","dirt","0","no mineshafts yet","0"
"8861","","forage01","9","330007","0.0-8.0-1.0","A37QFZ8I1TGH2C","1516908454787","0","51","dirt","0","dirt","0"
"5439","","forage01","10","335551","0.0-8.0-2.0","A37QFZ8I1TGH2C","1516908454787","1","50","dirt","0","dirt","0"
"10265","","forage01","11","345923","0.0-8.0-3.0","A37QFZ8I1TGH2C","1516908454787","0","49","dirt","0","dirt","0"
"4163","","forage01","12","350190","0.0-8.0-4.0","A37QFZ8I1TGH2C","1516908454787","0","48","dirt","0","dirt","0"
"2751","","forage01","13","353046","0.0-8.0-5.0","A37QFZ8I1TGH2C","1516908454787","0","47","dirt","0","dirt","0"
"1599","","forage01","14","354751","0.0-8.0-6.0","A37QFZ8I1TGH2C","1516908454787","1","46","dirt","0","dirt","0"
"1699","","forage01","15","356554","0.0-8.0-7.0","A37QFZ8I1TGH2C","1516908454787","0","45","dirt","0","dirt","0"
"2010","","forage01","16","358670","0.0-8.0-8.0","A37QFZ8I1TGH2C","1516908454787","0","44","gold","0","dirt","0"
"470","","forage01","17","359246","0.0-8.0-9.0","A37QFZ8I1TGH2C","1516908454787","0","43","gold","0","gold","0"
"3422","","forage01","18","362774","0.0-8.0-10.0","A37QFZ8I1TGH2C","1516908454787","0","42","dirt","0","gold","0"
"1667","","forage01","19","364546","0.0-8.0-11.0","A37QFZ8I1TGH2C","1516908454787","0","41","gold","0","gold","0"
"1016","","forage01","20","365666","0.0-8.0-12.0","A37QFZ8I1TGH2C","1516908454787","1","40","gold","1000","gold","1000"
"2378","","forage01","21","368150","0.0-8.0-13.0","A37QFZ8I1TGH2C","1516908454787","1","39","gold","1000","gold","2000"
"1194","","forage01","22","369450","0.0-8.0-14.0","A37QFZ8I1TGH2C","1516908454787","1","38","gold","1000","gold","3000"
"1570","","forage01","23","371126","0.0-8.0-15.0","A37QFZ8I1TGH2C","1516908454787","1","37","gold","1000","gold","4000"
"1810","","forage01","24","373042","0.0-8.0-16.0","A37QFZ8I1TGH2C","1516908454787","1","36","gold","1000","gold","5000"
"750","","forage01","25","373898","0.0-8.0-17.0","A37QFZ8I1TGH2C","1516908454787","1","35","gold","1000","gold","6000"
"2582","","forage01","26","376586","0.0-8.0-18.0","A37QFZ8I1TGH2C","1516908454787","1","34","gold","1000","gold","7000"
"591","","forage01","27","377282","0.0-8.0-19.0","A37QFZ8I1TGH2C","1516908454787","1","33","gold","1000","gold","8000"
"511","","forage01","28","377898","0.0-8.0-20.0","A37QFZ8I1TGH2C","1516908454787","1","32","gold","1000","gold","9000"
"911","","forage01","29","378914","0.0-8.0-21.0","A37QFZ8I1TGH2C","1516908454787","1","31","gold","1000","gold","10000"
"4532","","forage01","30","383551","0.0-8.0-22.0","A37QFZ8I1TGH2C","1516908454787","1","30","gold","1000","gold","11000"
"3070","","forage01","31","386726","0.0-8.0-23.0","A37QFZ8I1TGH2C","1516908454787","1","29","gold","1000","gold","12000"
"998","","forage01","32","387830","0.0-8.0-24.0","A37QFZ8I1TGH2C","1516908454787","1","28","gold","1000","gold","13000"
"889","","forage01","33","388826","0.0-8.0-25.0","A37QFZ8I1TGH2C","1516908454787","1","27","gold","1000","gold","14000"
"4540","","forage01","34","393474","0.0-8.0-26.0","A37QFZ8I1TGH2C","1516908454787","1","26","gold","1000","gold","15000"
"1146","","forage01","35","394726","0.0-8.0-27.0","A37QFZ8I1TGH2C","1516908454787","1","25","gold","1000","gold","16000"
"2826","","forage01","36","397658","0.0-8.0-28.0","A37QFZ8I1TGH2C","1516908454787","1","24","gold","1000","gold","17000"
"682","","forage01","37","398446","0.0-8.0-29.0","A37QFZ8I1TGH2C","1516908454787","1","23","gold","1000","gold","18000"
"4510","","forage01","38","403062","0.0-8.0-30.0","A37QFZ8I1TGH2C","1516908454787","1","22","gold","1000","gold","19000"
"994","","forage01","39","404162","0.0-8.0-31.0","A37QFZ8I1TGH2C","1516908454787","1","21","gold","1000","gold","20000"
"1690","","forage01","40","405958","0.0-8.0-32.0","A37QFZ8I1TGH2C","1516908454787","1","20","gold","1000","gold","21000"
"1389","","forage01","41","407454","0.0-8.0-33.0","A37QFZ8I1TGH2C","1516908454787","1","19","gold","1000","gold","22000"
"2042","","forage01","42","409602","0.0-8.0-34.0","A37QFZ8I1TGH2C","1516908454787","0","18","diamond","0","gold","22000"
"7057","","forage01","43","416765","0.0-8.0-35.0","A37QFZ8I1TGH2C","1516908454787","0","17","dirt","0","diamond","22000"
"969","","forage01","44","417841","0.0-8.0-36.0","A37QFZ8I1TGH2C","1516908454787","1","16","diamond","100000","diamond","122000"
"1125","","forage01","45","419073","0.0-8.0-37.0","A37QFZ8I1TGH2C","1516908454787","1","15","diamond","100000","diamond","222000"
"561","","forage01","46","419742","0.0-8.0-38.0","A37QFZ8I1TGH2C","1516908454787","1","14","diamond","100000","diamond","322000"
"517","","forage01","47","420365","0.0-8.0-39.0","A37QFZ8I1TGH2C","1516908454787","1","13","diamond","100000","diamond","422000"
"1033","","forage01","48","421509","0.0-8.0-40.0","A37QFZ8I1TGH2C","1516908454787","1","12","diamond","100000","diamond","522000"
"433","","forage01","49","422049","0.0-8.0-41.0","A37QFZ8I1TGH2C","1516908454787","1","11","diamond","100000","diamond","622000"
"397","","forage01","50","422553","0.0-8.0-42.0","A37QFZ8I1TGH2C","1516908454787","1","10","diamond","100000","diamond","722000"
"453","","forage01","51","423113","0.0-8.0-43.0","A37QFZ8I1TGH2C","1516908454787","1","9","diamond","100000","diamond","822000"
"893","","forage01","52","424113","0.0-8.0-44.0","A37QFZ8I1TGH2C","1516908454787","1","8","diamond","100000","diamond","922000"
"2837","","forage01","53","427057","0.0-8.0-45.0","A37QFZ8I1TGH2C","1516908454787","1","7","diamond","100000","diamond","1022000"
"1238","","forage01","54","428401","0.0-8.0-46.0","A37QFZ8I1TGH2C","1516908454787","1","6","diamond","100000","diamond","1122000"
"1162","","forage01","55","429669","0.0-8.0-47.0","A37QFZ8I1TGH2C","1516908454787","1","5","diamond","100000","diamond","1222000"
"542","","forage01","56","430317","0.0-8.0-48.0","A37QFZ8I1TGH2C","1516908454787","1","4","diamond","100000","diamond","1322000"
"958","","forage01","57","431381","0.0-8.0-49.0","A37QFZ8I1TGH2C","1516908454787","1","3","diamond","100000","diamond","1422000"
"826","","forage01","58","432313","0.0-8.0-50.0","A37QFZ8I1TGH2C","1516908454787","1","2","diamond","100000","diamond","1522000"
"526","","forage01","59","432945","0.0-8.0-51.0","A37QFZ8I1TGH2C","1516908454787","1","1","diamond","100000","diamond","1622000"
"11553","32","mine-text","60","444817","0.0-9.0","A37QFZ8I1TGH2C","1516908454787","","","","","",""
"2577","","forage01","61","447499","0.0-10.0-0.0","A37QFZ8I1TGH2C","1516908454787","0","52","gold","0","no mineshafts yet","0"
"2091","","forage01","62","449694","0.0-10.0-1.0","A37QFZ8I1TGH2C","1516908454787","0","51","gold","0","gold","0"
"623","","forage01","63","450422","0.0-10.0-2.0","A37QFZ8I1TGH2C","1516908454787","0","50","gold","0","gold","0"
"527","","forage01","64","451054","0.0-10.0-3.0","A37QFZ8I1TGH2C","1516908454787","0","49","gold","0","gold","0"
"435","","forage01","65","451594","0.0-10.0-4.0","A37QFZ8I1TGH2C","1516908454787","0","48","dirt","0","gold","0"
"471","","forage01","66","452170","0.0-10.0-5.0","A37QFZ8I1TGH2C","1516908454787","0","47","dirt","0","gold","0"
"815","","forage01","67","453090","0.0-10.0-6.0","A37QFZ8I1TGH2C","1516908454787","1","46","gold","1000","gold","1000"
"638","","forage01","68","453834","0.0-10.0-7.0","A37QFZ8I1TGH2C","1516908454787","1","45","gold","1000","gold","2000"
"572","","forage01","69","454510","0.0-10.0-8.0","A37QFZ8I1TGH2C","1516908454787","1","44","gold","1000","gold","3000"
"520","","forage01","70","455134","0.0-10.0-9.0","A37QFZ8I1TGH2C","1516908454787","1","43","gold","1000","gold","4000"
"480","","forage01","71","455718","0.0-10.0-10.0","A37QFZ8I1TGH2C","1516908454787","1","42","gold","1000","gold","5000"
"368","","forage01","72","456190","0.0-10.0-11.0","A37QFZ8I1TGH2C","1516908454787","1","41","gold","1000","gold","6000"
"488","","forage01","73","456782","0.0-10.0-12.0","A37QFZ8I1TGH2C","1516908454787","1","40","gold","1000","gold","7000"
"436","","forage01","74","457322","0.0-10.0-13.0","A37QFZ8I1TGH2C","1516908454787","1","39","gold","1000","gold","8000"
"408","","forage01","75","457834","0.0-10.0-14.0","A37QFZ8I1TGH2C","1516908454787","1","38","gold","1000","gold","9000"
"392","","forage01","76","458330","0.0-10.0-15.0","A37QFZ8I1TGH2C","1516908454787","1","37","gold","1000","gold","10000"
"280","","forage01","77","458714","0.0-10.0-16.0","A37QFZ8I1TGH2C","1516908454787","1","36","gold","1000","gold","11000"
"184","","forage01","78","459002","0.0-10.0-17.0","A37QFZ8I1TGH2C","1516908454787","1","35","gold","1000","gold","12000"
"135","","forage01","79","459242","0.0-10.0-18.0","A37QFZ8I1TGH2C","1516908454787","1","34","gold","1000","gold","13000"
"151","","forage01","80","459498","0.0-10.0-19.0","A37QFZ8I1TGH2C","1516908454787","1","33","gold","1000","gold","14000"
"151","","forage01","81","459754","0.0-10.0-20.0","A37QFZ8I1TGH2C","1516908454787","1","32","gold","1000","gold","15000"
"135","","forage01","82","459994","0.0-10.0-21.0","A37QFZ8I1TGH2C","1516908454787","1","31","gold","1000","gold","16000"
"1243","","forage01","83","461342","0.0-10.0-22.0","A37QFZ8I1TGH2C","1516908454787","0","30","gold","0","gold","16000"
"983","","forage01","84","462430","0.0-10.0-23.0","A37QFZ8I1TGH2C","1516908454787","0","29","gold","0","gold","16000"
"503","","forage01","85","463037","0.0-10.0-24.0","A37QFZ8I1TGH2C","1516908454787","0","28","diamond","0","gold","16000"
"267","","forage01","86","463410","0.0-10.0-25.0","A37QFZ8I1TGH2C","1516908454787","0","27","dirt","0","diamond","16000"
"1327","","forage01","87","464842","0.0-10.0-26.0","A37QFZ8I1TGH2C","1516908454787","1","26","diamond","100000","diamond","116000"
"771","","forage01","88","465718","0.0-10.0-27.0","A37QFZ8I1TGH2C","1516908454787","1","25","diamond","100000","diamond","216000"
"487","","forage01","89","466310","0.0-10.0-28.0","A37QFZ8I1TGH2C","1516908454787","1","24","diamond","100000","diamond","316000"
"510","","forage01","90","466926","0.0-10.0-29.0","A37QFZ8I1TGH2C","1516908454787","1","23","diamond","100000","diamond","416000"
"350","","forage01","91","467382","0.0-10.0-30.0","A37QFZ8I1TGH2C","1516908454787","1","22","diamond","100000","diamond","516000"
"231","","forage01","92","467718","0.0-10.0-31.0","A37QFZ8I1TGH2C","1516908454787","1","21","diamond","100000","diamond","616000"
"460","","forage01","93","468286","0.0-10.0-32.0","A37QFZ8I1TGH2C","1516908454787","1","20","diamond","100000","diamond","716000"
"329","","forage01","94","468721","0.0-10.0-33.0","A37QFZ8I1TGH2C","1516908454787","1","19","diamond","100000","diamond","816000"
"214","","forage01","95","469042","0.0-10.0-34.0","A37QFZ8I1TGH2C","1516908454787","1","18","diamond","100000","diamond","916000"
"165","","forage01","96","469313","0.0-10.0-35.0","A37QFZ8I1TGH2C","1516908454787","1","17","diamond","100000","diamond","1016000"
"150","","forage01","97","469570","0.0-10.0-36.0","A37QFZ8I1TGH2C","1516908454787","1","16","diamond","100000","diamond","1116000"
"117","","forage01","98","469793","0.0-10.0-37.0","A37QFZ8I1TGH2C","1516908454787","1","15","diamond","100000","diamond","1216000"
"101","","forage01","99","470001","0.0-10.0-38.0","A37QFZ8I1TGH2C","1516908454787","1","14","diamond","100000","diamond","1316000"
"86","","forage01","100","470194","0.0-10.0-39.0","A37QFZ8I1TGH2C","1516908454787","1","13","diamond","100000","diamond","1416000"
"197","","forage01","101","470497","0.0-10.0-40.0","A37QFZ8I1TGH2C","1516908454787","1","12","diamond","100000","diamond","1516000"
"374","","forage01","102","470977","0.0-10.0-41.0","A37QFZ8I1TGH2C","1516908454787","1","11","diamond","100000","diamond","1616000"
"318","","forage01","103","471401","0.0-10.0-42.0","A37QFZ8I1TGH2C","1516908454787","1","10","diamond","100000","diamond","1716000"
"262","","forage01","104","471769","0.0-10.0-43.0","A37QFZ8I1TGH2C","1516908454787","1","9","diamond","100000","diamond","1816000"
"210","","forage01","105","472085","0.0-10.0-44.0","A37QFZ8I1TGH2C","1516908454787","1","8","diamond","100000","diamond","1916000"
"198","","forage01","106","472389","0.0-10.0-45.0","A37QFZ8I1TGH2C","1516908454787","1","7","diamond","100000","diamond","2016000"
"182","","forage01","107","472678","0.0-10.0-46.0","A37QFZ8I1TGH2C","1516908454787","1","6","diamond","100000","diamond","2116000"
"214","","forage01","108","472998","0.0-10.0-47.0","A37QFZ8I1TGH2C","1516908454787","1","5","diamond","100000","diamond","2216000"
"822","","forage01","109","473925","0.0-10.0-48.0","A37QFZ8I1TGH2C","1516908454787","1","4","diamond","100000","diamond","2316000"
"546","","forage01","110","474577","0.0-10.0-49.0","A37QFZ8I1TGH2C","1516908454787","1","3","diamond","100000","diamond","2416000"
"414","","forage01","111","475097","0.0-10.0-50.0","A37QFZ8I1TGH2C","1516908454787","1","2","diamond","100000","diamond","2516000"
"494","","forage01","112","475697","0.0-10.0-51.0","A37QFZ8I1TGH2C","1516908454787","1","1","diamond","100000","diamond","2616000"
"3417","32","mine-text","113","479424","0.0-11.0","A37QFZ8I1TGH2C","1516908454787","","","","","",""
"4512","","forage01","114","484041","0.0-12.0-0.0","A37QFZ8I1TGH2C","1516908454787","0","52","gold","0","no mineshafts yet","0"
"1391","","forage01","115","485537","0.0-12.0-1.0","A37QFZ8I1TGH2C","1516908454787","0","51","dirt","0","gold","0"
"624","","forage01","116","486265","0.0-12.0-2.0","A37QFZ8I1TGH2C","1516908454787","0","50","dirt","0","gold","0"
"632","","forage01","117","487001","0.0-12.0-3.0","A37QFZ8I1TGH2C","1516908454787","0","49","gold","0","gold","0"
"1491","","forage01","118","488597","0.0-12.0-4.0","A37QFZ8I1TGH2C","1516908454787","0","48","dirt","0","gold","0"
"1148","","forage01","119","489849","0.0-12.0-5.0","A37QFZ8I1TGH2C","1516908454787","1","47","gold","1000","gold","1000"
"880","","forage01","120","490833","0.0-12.0-6.0","A37QFZ8I1TGH2C","1516908454787","1","46","gold","1000","gold","2000"
"527","","forage01","121","491465","0.0-12.0-7.0","A37QFZ8I1TGH2C","1516908454787","1","45","gold","1000","gold","3000"
"475","","forage01","122","492045","0.0-12.0-8.0","A37QFZ8I1TGH2C","1516908454787","1","44","gold","1000","gold","4000"
"183","","forage01","123","492333","0.0-12.0-9.0","A37QFZ8I1TGH2C","1516908454787","1","43","gold","1000","gold","5000"
"135","","forage01","124","492573","0.0-12.0-10.0","A37QFZ8I1TGH2C","1516908454787","1","42","gold","1000","gold","6000"
"151","","forage01","125","492829","0.0-12.0-11.0","A37QFZ8I1TGH2C","1516908454787","1","41","gold","1000","gold","7000"
"167","","forage01","126","493101","0.0-12.0-12.0","A37QFZ8I1TGH2C","1516908454787","1","40","gold","1000","gold","8000"
"135","","forage01","127","493341","0.0-12.0-13.0","A37QFZ8I1TGH2C","1516908454787","1","39","gold","1000","gold","9000"
"135","","forage01","128","493581","0.0-12.0-14.0","A37QFZ8I1TGH2C","1516908454787","1","38","gold","1000","gold","10000"
"135","","forage01","129","493821","0.0-12.0-15.0","A37QFZ8I1TGH2C","1516908454787","1","37","gold","1000","gold","11000"
"755","","forage01","130","494681","0.0-12.0-16.0","A37QFZ8I1TGH2C","1516908454787","1","36","gold","1000","gold","12000"
"215","","forage01","131","495001","0.0-12.0-17.0","A37QFZ8I1TGH2C","1516908454787","1","35","gold","1000","gold","13000"
"164","","forage01","132","495273","0.0-12.0-18.0","A37QFZ8I1TGH2C","1516908454787","1","34","gold","1000","gold","14000"
"375","","forage01","133","495753","0.0-12.0-19.0","A37QFZ8I1TGH2C","1516908454787","1","33","gold","1000","gold","15000"
"119","","forage01","134","495977","0.0-12.0-20.0","A37QFZ8I1TGH2C","1516908454787","1","32","gold","1000","gold","16000"
"183","","forage01","135","496265","0.0-12.0-21.0","A37QFZ8I1TGH2C","1516908454787","1","31","gold","1000","gold","17000"
"119","","forage01","136","496489","0.0-12.0-22.0","A37QFZ8I1TGH2C","1516908454787","1","30","gold","1000","gold","18000"
"839","","forage01","137","497433","0.0-12.0-23.0","A37QFZ8I1TGH2C","1516908454787","0","29","dirt","0","gold","18000"
"859","","forage01","138","498397","0.0-12.0-24.0","A37QFZ8I1TGH2C","1516908454787","1","28","gold","1000","gold","19000"
"262","","forage01","139","498764","0.0-12.0-25.0","A37QFZ8I1TGH2C","1516908454787","1","27","gold","1000","gold","20000"
"287","","forage01","140","499156","0.0-12.0-26.0","A37QFZ8I1TGH2C","1516908454787","1","26","gold","1000","gold","21000"
"201","","forage01","141","499460","0.0-12.0-27.0","A37QFZ8I1TGH2C","1516908454787","1","25","gold","1000","gold","22000"
"170","","forage01","142","499733","0.0-12.0-28.0","A37QFZ8I1TGH2C","1516908454787","1","24","gold","1000","gold","23000"
"167","","forage01","143","500005","0.0-12.0-29.0","A37QFZ8I1TGH2C","1516908454787","1","23","gold","1000","gold","24000"
"201","","forage01","144","500311","0.0-12.0-30.0","A37QFZ8I1TGH2C","1516908454787","1","22","gold","1000","gold","25000"
"136","","forage01","145","500554","0.0-12.0-31.0","A37QFZ8I1TGH2C","1516908454787","1","21","gold","1000","gold","26000"
"566","","forage01","146","501226","0.0-12.0-32.0","A37QFZ8I1TGH2C","1516908454787","1","20","gold","1000","gold","27000"
"166","","forage01","147","501498","0.0-12.0-33.0","A37QFZ8I1TGH2C","1516908454787","1","19","gold","1000","gold","28000"
"198","","forage01","148","501802","0.0-12.0-34.0","A37QFZ8I1TGH2C","1516908454787","1","18","gold","1000","gold","29000"
"119","","forage01","149","502026","0.0-12.0-35.0","A37QFZ8I1TGH2C","1516908454787","1","17","gold","1000","gold","30000"
"135","","forage01","150","502266","0.0-12.0-36.0","A37QFZ8I1TGH2C","1516908454787","1","16","gold","1000","gold","31000"
"182","","forage01","151","502554","0.0-12.0-37.0","A37QFZ8I1TGH2C","1516908454787","1","15","gold","1000","gold","32000"
"778","","forage01","152","503438","0.0-12.0-38.0","A37QFZ8I1TGH2C","1516908454787","0","14","gold","0","gold","32000"
"1479","","forage01","153","505022","0.0-12.0-39.0","A37QFZ8I1TGH2C","1516908454787","0","13","dirt","0","gold","32000"
"831","","forage01","154","505958","0.0-12.0-40.0","A37QFZ8I1TGH2C","1516908454787","1","12","gold","1000","gold","33000"
"609","","forage01","155","506674","0.0-12.0-41.0","A37QFZ8I1TGH2C","1516908454787","1","11","gold","1000","gold","34000"
"455","","forage01","156","507234","0.0-12.0-42.0","A37QFZ8I1TGH2C","1516908454787","1","10","gold","1000","gold","35000"
"583","","forage01","157","507922","0.0-12.0-43.0","A37QFZ8I1TGH2C","1516908454787","1","9","gold","1000","gold","36000"
"279","","forage01","158","508306","0.0-12.0-44.0","A37QFZ8I1TGH2C","1516908454787","1","8","gold","1000","gold","37000"
"502","","forage01","159","508914","0.0-12.0-45.0","A37QFZ8I1TGH2C","1516908454787","1","7","gold","1000","gold","38000"
"235","","forage01","160","509254","0.0-12.0-46.0","A37QFZ8I1TGH2C","1516908454787","1","6","gold","1000","gold","39000"
"166","","forage01","161","509526","0.0-12.0-47.0","A37QFZ8I1TGH2C","1516908454787","1","5","gold","1000","gold","40000"
"168","","forage01","162","509798","0.0-12.0-48.0","A37QFZ8I1TGH2C","1516908454787","1","4","gold","1000","gold","41000"
"102","","forage01","163","510006","0.0-12.0-49.0","A37QFZ8I1TGH2C","1516908454787","1","3","gold","1000","gold","42000"
"133","","forage01","164","510246","0.0-12.0-50.0","A37QFZ8I1TGH2C","1516908454787","1","2","gold","1000","gold","43000"
"494","","forage01","165","510846","0.0-12.0-51.0","A37QFZ8I1TGH2C","1516908454787","1","1","gold","1000","gold","44000"
"2699","32","mine-text","166","513849","0.0-13.0","A37QFZ8I1TGH2C","1516908454787","","","","","",""
"2816","","forage01","167","516770","0.0-14.0-0.0","A37QFZ8I1TGH2C","1516908454787","0","52","gold","0","no mineshafts yet","0"
"976","","forage01","168","517850","0.0-14.0-1.0","A37QFZ8I1TGH2C","1516908454787","0","51","dirt","0","gold","0"
"825","","forage01","169","518778","0.0-14.0-2.0","A37QFZ8I1TGH2C","1516908454787","1","50","gold","1000","gold","1000"
"739","","forage01","170","519622","0.0-14.0-3.0","A37QFZ8I1TGH2C","1516908454787","1","49","gold","1000","gold","2000"
"512","","forage01","171","520238","0.0-14.0-4.0","A37QFZ8I1TGH2C","1516908454787","1","48","gold","1000","gold","3000"
"496","","forage01","172","520838","0.0-14.0-5.0","A37QFZ8I1TGH2C","1516908454787","1","47","gold","1000","gold","4000"
"448","","forage01","173","521390","0.0-14.0-6.0","A37QFZ8I1TGH2C","1516908454787","1","46","gold","1000","gold","5000"
"416","","forage01","174","521910","0.0-14.0-7.0","A37QFZ8I1TGH2C","1516908454787","1","45","gold","1000","gold","6000"
"332","","forage01","175","522346","0.0-14.0-8.0","A37QFZ8I1TGH2C","1516908454787","1","44","gold","1000","gold","7000"
"184","","forage01","176","522634","0.0-14.0-9.0","A37QFZ8I1TGH2C","1516908454787","1","43","gold","1000","gold","8000"
"96","","forage01","177","522834","0.0-14.0-10.0","A37QFZ8I1TGH2C","1516908454787","1","42","gold","1000","gold","9000"
"216","","forage01","178","523154","0.0-14.0-11.0","A37QFZ8I1TGH2C","1516908454787","1","41","gold","1000","gold","10000"
"200","","forage01","179","523458","0.0-14.0-12.0","A37QFZ8I1TGH2C","1516908454787","1","40","gold","1000","gold","11000"
"200","","forage01","180","523762","0.0-14.0-13.0","A37QFZ8I1TGH2C","1516908454787","1","39","gold","1000","gold","12000"
"56","","forage01","181","523921","0.0-14.0-14.0","A37QFZ8I1TGH2C","1516908454787","1","38","gold","1000","gold","13000"
"72","","forage01","182","524098","0.0-14.0-15.0","A37QFZ8I1TGH2C","1516908454787","1","37","gold","1000","gold","14000"
"166","","forage01","183","524370","0.0-14.0-16.0","A37QFZ8I1TGH2C","1516908454787","1","36","gold","1000","gold","15000"
"488","","forage01","184","524962","0.0-14.0-17.0","A37QFZ8I1TGH2C","1516908454787","0","35","dirt","0","gold","15000"
"788","","forage01","185","525854","0.0-14.0-18.0","A37QFZ8I1TGH2C","1516908454787","1","34","gold","1000","gold","16000"
"304","","forage01","186","526262","0.0-14.0-19.0","A37QFZ8I1TGH2C","1516908454787","1","33","gold","1000","gold","17000"
"272","","forage01","187","526638","0.0-14.0-20.0","A37QFZ8I1TGH2C","1516908454787","1","32","gold","1000","gold","18000"
"232","","forage01","188","526974","0.0-14.0-21.0","A37QFZ8I1TGH2C","1516908454787","1","31","gold","1000","gold","19000"
"551","","forage01","189","527629","0.0-14.0-22.0","A37QFZ8I1TGH2C","1516908454787","1","30","gold","1000","gold","20000"
"263","","forage01","190","527997","0.0-14.0-23.0","A37QFZ8I1TGH2C","1516908454787","1","29","gold","1000","gold","21000"
"252","","forage01","191","528354","0.0-14.0-24.0","A37QFZ8I1TGH2C","1516908454787","1","28","gold","1000","gold","22000"
"216","","forage01","192","528674","0.0-14.0-25.0","A37QFZ8I1TGH2C","1516908454787","1","27","gold","1000","gold","23000"
"182","","forage01","193","528962","0.0-14.0-26.0","A37QFZ8I1TGH2C","1516908454787","1","26","gold","1000","gold","24000"
"215","","forage01","194","529282","0.0-14.0-27.0","A37QFZ8I1TGH2C","1516908454787","1","25","gold","1000","gold","25000"
"152","","forage01","195","529537","0.0-14.0-28.0","A37QFZ8I1TGH2C","1516908454787","1","24","gold","1000","gold","26000"
"151","","forage01","196","529793","0.0-14.0-29.0","A37QFZ8I1TGH2C","1516908454787","1","23","gold","1000","gold","27000"
"167","","forage01","197","530066","0.0-14.0-30.0","A37QFZ8I1TGH2C","1516908454787","1","22","gold","1000","gold","28000"
"135","","forage01","198","530305","0.0-14.0-31.0","A37QFZ8I1TGH2C","1516908454787","1","21","gold","1000","gold","29000"
"456","","forage01","199","530865","0.0-14.0-32.0","A37QFZ8I1TGH2C","1516908454787","0","20","dirt","0","gold","29000"
"811","","forage01","200","531782","0.0-14.0-33.0","A37QFZ8I1TGH2C","1516908454787","1","19","gold","1000","gold","30000"
"299","","forage01","201","532185","0.0-14.0-34.0","A37QFZ8I1TGH2C","1516908454787","1","18","gold","1000","gold","31000"
"243","","forage01","202","532533","0.0-14.0-35.0","A37QFZ8I1TGH2C","1516908454787","1","17","gold","1000","gold","32000"
"215","","forage01","203","532853","0.0-14.0-36.0","A37QFZ8I1TGH2C","1516908454787","1","16","gold","1000","gold","33000"
"135","","forage01","204","533093","0.0-14.0-37.0","A37QFZ8I1TGH2C","1516908454787","1","15","gold","1000","gold","34000"
"102","","forage01","205","533301","0.0-14.0-38.0","A37QFZ8I1TGH2C","1516908454787","1","14","gold","1000","gold","35000"
"104","","forage01","206","533509","0.0-14.0-39.0","A37QFZ8I1TGH2C","1516908454787","1","13","gold","1000","gold","36000"
"247","","forage01","207","533861","0.0-14.0-40.0","A37QFZ8I1TGH2C","1516908454787","1","12","gold","1000","gold","37000"
"506","","forage01","208","534473","0.0-14.0-41.0","A37QFZ8I1TGH2C","1516908454787","1","11","gold","1000","gold","38000"
"295","","forage01","209","534873","0.0-14.0-42.0","A37QFZ8I1TGH2C","1516908454787","1","10","gold","1000","gold","39000"
"231","","forage01","210","535209","0.0-14.0-43.0","A37QFZ8I1TGH2C","1516908454787","1","9","gold","1000","gold","40000"
"199","","forage01","211","535513","0.0-14.0-44.0","A37QFZ8I1TGH2C","1516908454787","1","8","gold","1000","gold","41000"
"231","","forage01","212","535849","0.0-14.0-45.0","A37QFZ8I1TGH2C","1516908454787","1","7","gold","1000","gold","42000"
"199","","forage01","213","536153","0.0-14.0-46.0","A37QFZ8I1TGH2C","1516908454787","1","6","gold","1000","gold","43000"
"175","","forage01","214","536433","0.0-14.0-47.0","A37QFZ8I1TGH2C","1516908454787","1","5","gold","1000","gold","44000"
"167","","forage01","215","536705","0.0-14.0-48.0","A37QFZ8I1TGH2C","1516908454787","1","4","gold","1000","gold","45000"
"135","","forage01","216","536945","0.0-14.0-49.0","A37QFZ8I1TGH2C","1516908454787","1","3","gold","1000","gold","46000"
"179","","forage01","217","537228","0.0-14.0-50.0","A37QFZ8I1TGH2C","1516908454787","1","2","gold","1000","gold","47000"
"440","","forage01","218","537773","0.0-14.0-51.0","A37QFZ8I1TGH2C","1516908454787","1","1","gold","1000","gold","48000"
"4785","32","mine-text","219","542864","0.0-15.0","A37QFZ8I1TGH2C","1516908454787","","","","","",""
"2601","","forage01","220","545569","0.0-16.0-0.0","A37QFZ8I1TGH2C","1516908454787","0","52","gold","0","no mineshafts yet","0"
"1112","","forage01","221","546785","0.0-16.0-1.0","A37QFZ8I1TGH2C","1516908454787","0","51","dirt","0","gold","0"
"811","","forage01","222","547701","0.0-16.0-2.0","A37QFZ8I1TGH2C","1516908454787","1","50","gold","1000","gold","1000"
"775","","forage01","223","548581","0.0-16.0-3.0","A37QFZ8I1TGH2C","1516908454787","1","49","gold","1000","gold","2000"
"528","","forage01","224","549213","0.0-16.0-4.0","A37QFZ8I1TGH2C","1516908454787","1","48","gold","1000","gold","3000"
"588","","forage01","225","549905","0.0-16.0-5.0","A37QFZ8I1TGH2C","1516908454787","0","47","dirt","0","gold","3000"
"832","","forage01","226","550841","0.0-16.0-6.0","A37QFZ8I1TGH2C","1516908454787","1","46","gold","1000","gold","4000"
"680","","forage01","227","551625","0.0-16.0-7.0","A37QFZ8I1TGH2C","1516908454787","1","45","gold","1000","gold","5000"
"1140","","forage01","228","552869","0.0-16.0-8.0","A37QFZ8I1TGH2C","1516908454787","1","44","gold","1000","gold","6000"
"360","","forage01","229","553333","0.0-16.0-9.0","A37QFZ8I1TGH2C","1516908454787","1","43","gold","1000","gold","7000"
"424","","forage01","230","553861","0.0-16.0-10.0","A37QFZ8I1TGH2C","1516908454787","0","42","dirt","0","gold","7000"
"470","","forage01","231","554437","0.0-16.0-11.0","A37QFZ8I1TGH2C","1516908454787","0","41","dirt","0","gold","7000"
"367","","forage01","232","554909","0.0-16.0-12.0","A37QFZ8I1TGH2C","1516908454787","0","40","dirt","0","gold","7000"
"523","","forage01","233","555537","0.0-16.0-13.0","A37QFZ8I1TGH2C","1516908454787","1","39","gold","1000","gold","8000"
"231","","forage01","234","555873","0.0-16.0-14.0","A37QFZ8I1TGH2C","1516908454787","1","38","gold","1000","gold","9000"
"247","","forage01","235","556225","0.0-16.0-15.0","A37QFZ8I1TGH2C","1516908454787","1","37","gold","1000","gold","10000"
"175","","forage01","236","556505","0.0-16.0-16.0","A37QFZ8I1TGH2C","1516908454787","1","36","gold","1000","gold","11000"
"151","","forage01","237","556761","0.0-16.0-17.0","A37QFZ8I1TGH2C","1516908454787","1","35","gold","1000","gold","12000"
"151","","forage01","238","557017","0.0-16.0-18.0","A37QFZ8I1TGH2C","1516908454787","1","34","gold","1000","gold","13000"
"375","","forage01","239","557497","0.0-16.0-19.0","A37QFZ8I1TGH2C","1516908454787","1","33","gold","1000","gold","14000"
"167","","forage01","240","557769","0.0-16.0-20.0","A37QFZ8I1TGH2C","1516908454787","1","32","gold","1000","gold","15000"
"199","","forage01","241","558073","0.0-16.0-21.0","A37QFZ8I1TGH2C","1516908454787","1","31","gold","1000","gold","16000"
"135","","forage01","242","558313","0.0-16.0-22.0","A37QFZ8I1TGH2C","1516908454787","1","30","gold","1000","gold","17000"
"155","","forage01","243","558573","0.0-16.0-23.0","A37QFZ8I1TGH2C","1516908454787","1","29","gold","1000","gold","18000"
"119","","forage01","244","558798","0.0-16.0-24.0","A37QFZ8I1TGH2C","1516908454787","1","28","gold","1000","gold","19000"
"263","","forage01","245","559165","0.0-16.0-25.0","A37QFZ8I1TGH2C","1516908454787","1","27","gold","1000","gold","20000"
"231","","forage01","246","559501","0.0-16.0-26.0","A37QFZ8I1TGH2C","1516908454787","1","26","gold","1000","gold","21000"
"199","","forage01","247","559805","0.0-16.0-27.0","A37QFZ8I1TGH2C","1516908454787","1","25","gold","1000","gold","22000"
"416","","forage01","248","560325","0.0-16.0-28.0","A37QFZ8I1TGH2C","1516908454787","1","24","gold","1000","gold","23000"
"214","","forage01","249","560645","0.0-16.0-29.0","A37QFZ8I1TGH2C","1516908454787","1","23","gold","1000","gold","24000"
"198","","forage01","250","560949","0.0-16.0-30.0","A37QFZ8I1TGH2C","1516908454787","1","22","gold","1000","gold","25000"
"214","","forage01","251","561269","0.0-16.0-31.0","A37QFZ8I1TGH2C","1516908454787","1","21","gold","1000","gold","26000"
"154","","forage01","252","561529","0.0-16.0-32.0","A37QFZ8I1TGH2C","1516908454787","1","20","gold","1000","gold","27000"
"150","","forage01","253","561785","0.0-16.0-33.0","A37QFZ8I1TGH2C","1516908454787","1","19","gold","1000","gold","28000"
"166","","forage01","254","562057","0.0-16.0-34.0","A37QFZ8I1TGH2C","1516908454787","1","18","gold","1000","gold","29000"
"118","","forage01","255","562281","0.0-16.0-35.0","A37QFZ8I1TGH2C","1516908454787","1","17","gold","1000","gold","30000"
"182","","forage01","256","562569","0.0-16.0-36.0","A37QFZ8I1TGH2C","1516908454787","1","16","gold","1000","gold","31000"
"150","","forage01","257","562825","0.0-16.0-37.0","A37QFZ8I1TGH2C","1516908454787","1","15","gold","1000","gold","32000"
"168","","forage01","258","563097","0.0-16.0-38.0","A37QFZ8I1TGH2C","1516908454787","1","14","gold","1000","gold","33000"
"136","","forage01","259","563339","0.0-16.0-39.0","A37QFZ8I1TGH2C","1516908454787","1","13","gold","1000","gold","34000"
"164","","forage01","260","563609","0.0-16.0-40.0","A37QFZ8I1TGH2C","1516908454787","1","12","gold","1000","gold","35000"
"135","","forage01","261","563849","0.0-16.0-41.0","A37QFZ8I1TGH2C","1516908454787","1","11","gold","1000","gold","36000"
"198","","forage01","262","564153","0.0-16.0-42.0","A37QFZ8I1TGH2C","1516908454787","1","10","gold","1000","gold","37000"
"138","","forage01","263","564397","0.0-16.0-43.0","A37QFZ8I1TGH2C","1516908454787","1","9","gold","1000","gold","38000"
"470","","forage01","264","564973","0.0-16.0-44.0","A37QFZ8I1TGH2C","1516908454787","1","8","gold","1000","gold","39000"
"327","","forage01","265","565405","0.0-16.0-45.0","A37QFZ8I1TGH2C","1516908454787","1","7","gold","1000","gold","40000"
"255","","forage01","266","565765","0.0-16.0-46.0","A37QFZ8I1TGH2C","1516908454787","1","6","gold","1000","gold","41000"
"231","","forage01","267","566101","0.0-16.0-47.0","A37QFZ8I1TGH2C","1516908454787","1","5","gold","1000","gold","42000"
"167","","forage01","268","566375","0.0-16.0-48.0","A37QFZ8I1TGH2C","1516908454787","1","4","gold","1000","gold","43000"
"245","","forage01","269","566725","0.0-16.0-49.0","A37QFZ8I1TGH2C","1516908454787","1","3","gold","1000","gold","44000"
"279","","forage01","270","567109","0.0-16.0-50.0","A37QFZ8I1TGH2C","1516908454787","1","2","gold","1000","gold","45000"
"251","","forage01","271","567465","0.0-16.0-51.0","A37QFZ8I1TGH2C","1516908454787","1","1","gold","1000","gold","46000"
"25945","32","text","272","593512","0.0-17.0","A37QFZ8I1TGH2C","1516908454787","","","","","",""
